comparison,case_n,control_n,term,odds_ratio,ci95_low,ci95_high,p_value,converged,iterations
Low-VAF CH only vs no detected CH,6203,14222,Intercept,0.01670875353611534,0.013447153571006922,0.020761452842524626,1.5489618782881228e-298,True,6
Low-VAF CH only vs no detected CH,6203,14222,Age per 10 years,1.662962186894195,1.6087380585988522,1.719013993768828,1.189589298759438e-198,True,6
Low-VAF CH only vs no detected CH,6203,14222,Male vs female,0.9109588496235744,0.8557824710226184,0.9696927125837018,0.0034404818218880164,True,6
Low-VAF CH only vs no detected CH,6203,14222,Race Black vs White,1.0521712818668736,0.9399640142502155,1.1777731802514333,0.37675636294181813,True,6
Low-VAF CH only vs no detected CH,6203,14222,Race Asian vs White,1.0332438140428153,0.8651610073277003,1.233981617543436,0.7180821671055919,True,6
Low-VAF CH only vs no detected CH,6203,14222,Race Other vs White,0.9091794716179867,0.7964621631587291,1.0378488142277573,0.1585800233315907,True,6
Low-VAF CH only vs no detected CH,6203,14222,Race Unknown vs White,0.8860749985915265,0.7169616310482992,1.095077991804114,0.26297124452223936,True,6
Low-VAF CH only vs no detected CH,6203,14222,Smoking Ever vs Never,1.1044526136109503,1.0268071047927885,1.1879695514555484,0.007557139674418439,True,6
Low-VAF CH only vs no detected CH,6203,14222,Smoking Unknown vs Never,1.1415583488204801,1.0548818129594346,1.2353568406926867,0.0010158806960523352,True,6
CHIP >=2% vs no detected CH,3701,14222,Intercept,0.0014072697134118884,0.001052115495380747,0.0018823105020135595,0.0,True,6
CHIP >=2% vs no detected CH,3701,14222,Age per 10 years,2.209088574480319,2.116581555125439,2.305638692769516,9.739691221232013e-289,True,6
CHIP >=2% vs no detected CH,3701,14222,Male vs female,0.8786940936308655,0.8131092662600182,0.9495689475205944,0.0010852544965306275,True,6
CHIP >=2% vs no detected CH,3701,14222,Race Black vs White,0.9445560504298227,0.8163924766970768,1.092839728280142,0.443273018715483,True,6
CHIP >=2% vs no detected CH,3701,14222,Race Asian vs White,0.9122518365463027,0.7183156824616332,1.1585483007000226,0.4513763142285146,True,6
CHIP >=2% vs no detected CH,3701,14222,Race Other vs White,0.8968372435944497,0.7559800773217163,1.0639394682828445,0.21166670378758176,True,6
CHIP >=2% vs no detected CH,3701,14222,Race Unknown vs White,0.758337742992288,0.5695599769477114,1.0096849422750651,0.05822855348881503,True,6
CHIP >=2% vs no detected CH,3701,14222,Smoking Ever vs Never,1.2682965334322318,1.1584425997213794,1.388567803966377,2.721802576071906e-07,True,6
CHIP >=2% vs no detected CH,3701,14222,Smoking Unknown vs Never,1.2303026105829011,1.1142165781525002,1.3584832098952422,4.15369774804446e-05,True,6
