age_band,ch_group,n,denominator,percent,ci95_low_percent,ci95_high_percent
18-39,No detected CH,545,586,93.00341296928327,90.64577588706612,94.80091363653534
18-39,Low-VAF CH only,31,586,5.290102389078498,3.7515818560937753,7.4109869725428155
18-39,CHIP >=2%,10,586,1.7064846416382253,0.9295205937497379,3.1124907745867314
40-49,No detected CH,680,814,83.53808353808354,80.83414107471262,85.92696452970584
40-49,Low-VAF CH only,102,814,12.530712530712531,10.430920594756316,14.982496220820146
40-49,CHIP >=2%,32,814,3.9312039312039313,2.7982414190006635,5.496943190314658
50-59,No detected CH,5057,7094,71.28559345926135,70.22147726046661,72.32666948979585
50-59,Low-VAF CH only,1460,7094,20.58077248378912,19.656016953902956,21.537372272721022
50-59,CHIP >=2%,577,7094,8.133634056949536,7.519964760412138,8.79262077052855
60-69,No detected CH,5261,9118,57.6990568107041,56.6819768307263,58.70965222069019
60-69,Low-VAF CH only,2464,9118,27.023470059223513,26.1217787462282,27.944513472122868
60-69,CHIP >=2%,1393,9118,15.277473130072384,14.553652349680371,16.030539136381424
70-79,No detected CH,2279,5351,42.59017006167072,41.271064608867675,43.91990684942377
70-79,Low-VAF CH only,1758,5351,32.85367221080172,31.607920528691867,34.124024775172934
70-79,CHIP >=2%,1314,5351,24.556157727527566,23.42143185463989,25.727389432784538
80+,No detected CH,400,1163,34.393809114359414,31.719149852877177,37.17122533426456
80+,Low-VAF CH only,388,1163,33.36199484092863,30.710830247070874,36.12271024170008
80+,CHIP >=2%,375,1163,32.24419604471195,29.620123034392837,34.98517986447643
