cancer_site,ch_group,n,denominator,percent,ci95_low_percent,ci95_high_percent
Breast,CHIP >=2%,521,4221,12.343046671404881,11.384842759492225,13.36973014021195
Breast,Low-VAF CH only,1028,4221,24.35441838426913,23.08326070410745,25.672212818339712
Other,CHIP >=2%,610,4008,15.219560878243513,14.140825383709114,16.36490300518016
Other,Low-VAF CH only,1023,4008,25.523952095808383,24.19804055497192,26.89673674022205
Prostate,CHIP >=2%,512,3666,13.966175668303327,12.881764278402105,15.126024895983416
Prostate,Low-VAF CH only,947,3666,25.831969448990726,24.44088418255381,27.27365117589099
Lung,CHIP >=2%,593,2831,20.946661956905686,19.48755103745608,22.484512518989614
Lung,Low-VAF CH only,797,2831,28.152596255740022,26.526363213941828,29.83803959415745
Colorectal,CHIP >=2%,269,1830,14.699453551912569,13.15104698512439,16.39575250588185
Colorectal,Low-VAF CH only,461,1830,25.191256830601095,23.25568097918901,27.230769437090917
Gynecologic,CHIP >=2%,272,1732,15.704387990762125,14.06698821849426,17.49358178845152
Gynecologic,Low-VAF CH only,451,1732,26.039260969976905,24.027138480852432,28.15743484049858
Kidney,CHIP >=2%,211,1413,14.932767162066526,13.169578047206029,16.886110694083538
Kidney,Low-VAF CH only,356,1413,25.194621372965322,23.000358453874846,27.52339311791524
Unknown,CHIP >=2%,226,1367,16.532553035844916,14.657652075285135,18.595023198545938
Unknown,Low-VAF CH only,354,1367,25.896122896854425,23.64372983540578,28.283606782577476
Head and neck,CHIP >=2%,146,900,16.22222222222222,13.958123833438323,18.77344163454755
Head and neck,Low-VAF CH only,212,900,23.555555555555557,20.8992239574102,26.436672691868214
Bladder,CHIP >=2%,171,872,19.610091743119266,17.110489786464132,22.3762752367815
Bladder,Low-VAF CH only,225,872,25.80275229357798,23.009180140834808,28.80858370786265
Thyroid,CHIP >=2%,112,805,13.91304347826087,11.693239856581183,16.475625170798985
Thyroid,Low-VAF CH only,219,805,27.204968944099377,24.24447812841906,30.381982224504384
Pancreas,CHIP >=2%,57,471,12.101910828025478,9.458997926486475,15.358013442605559
Pancreas,Low-VAF CH only,126,471,26.751592356687897,22.95372289086733,30.92562021790341
Melanoma,CHIP >=2%,1,10,10.0,1.7876213095072897,40.41500267952385
Melanoma,Low-VAF CH only,4,10,40.0,16.818032970623616,68.73262302663417
