comparison,term,odds_ratio,ci95_low,ci95_high,p_value,case_n,control_n
Low-VAF CH only,Age per 10 years,1.662962186894195,1.6087380585988522,1.719013993768828,1.1895892987594381e-198,6203,14222
Low-VAF CH only,Male vs female,0.9109588496235744,0.8557824710226184,0.9696927125837018,0.003440481821888,6203,14222
Low-VAF CH only,Smoking Ever vs Never,1.1044526136109505,1.0268071047927885,1.1879695514555484,0.0075571396744184,6203,14222
Low-VAF CH only,Race Black vs White,1.0521712818668736,0.9399640142502156,1.1777731802514333,0.3767563629418181,6203,14222
Low-VAF CH only,Race Asian vs White,1.0332438140428153,0.8651610073277003,1.233981617543436,0.7180821671055919,6203,14222
Low-VAF CH only,Race Other vs White,0.9091794716179868,0.7964621631587291,1.037848814227757,0.1585800233315907,6203,14222
Conventional CHIP,Age per 10 years,2.209088574480319,2.116581555125439,2.305638692769516,9.739691221232013e-289,3701,14222
Conventional CHIP,Male vs female,0.8786940936308655,0.8131092662600182,0.9495689475205944,0.0010852544965306,3701,14222
Conventional CHIP,Smoking Ever vs Never,1.2682965334322318,1.1584425997213794,1.388567803966377,2.721802576071906e-07,3701,14222
Conventional CHIP,Race Black vs White,0.9445560504298228,0.8163924766970768,1.092839728280142,0.443273018715483,3701,14222
Conventional CHIP,Race Asian vs White,0.9122518365463028,0.7183156824616332,1.1585483007000226,0.4513763142285146,3701,14222
Conventional CHIP,Race Other vs White,0.8968372435944497,0.7559800773217163,1.0639394682828445,0.2116667037875817,3701,14222
