gene,variant_n_chip,variant_n_low_vaf,carrier_n_chip,carrier_n_low_vaf,median_vaf_chip,median_vaf_low_vaf,carrier_percent_of_analytic_cohort_chip,carrier_percent_of_analytic_cohort_low_vaf,total_variant_n,total_carrier_events,low_vaf_variant_fraction_percent,low_vaf_within_class_percent,chip_within_class_percent,low_vaf_class_variant_total,chip_class_variant_total
DNMT3A,1947,4628,1831,3904,0.0414560161779575,0.007783668033322,7.589322722374202,16.181712675122274,6575,5735,70.38783269961978,42.693726937269375,43.910690121786196,10840,4434
TET2,969,2333,873,2065,0.0463896732553449,0.0075609756097561,3.618502859985078,8.559230705462985,3302,2938,70.6541490006057,21.522140221402214,21.853856562922868,10840,4434
PPM1D,464,1292,438,1163,0.0417727051759869,0.0080705818786059,1.8154687888584928,4.820525574069468,1756,1601,73.57630979498862,11.918819188191883,10.464591790708164,10840,4434
CHEK2,176,687,173,650,0.0385508615133915,0.0078165711307973,0.7170687225399983,2.6941888419132884,863,823,79.60602549246813,6.337638376383764,3.9693279206134418,10840,4434
TP53,189,620,184,590,0.0373961218836565,0.0073553581878778,0.7626626875569924,2.445494487275139,809,774,76.63782447466008,5.719557195571956,4.2625169147496615,10840,4434
ASXL1,252,495,249,479,0.0502285368020875,0.0076617480136209,1.0320815717483214,1.9854099311945617,747,728,66.26506024096386,4.5664206642066425,5.683355886332882,10840,4434
CBL,33,178,33,176,0.0383993532740501,0.0080423946057875,0.1367818950509823,0.7295034402719058,211,209,84.36018957345972,1.6420664206642066,0.7442489851150202,10840,4434
SF3B1,97,102,96,100,0.0494743351886209,0.0081963175164284,0.3979109674210395,0.4144905910635829,199,196,51.256281407035175,0.940959409594096,2.187640956247181,10840,4434
JAK2,79,66,79,66,0.0705619412515964,0.0083628210870053,0.3274475669402305,0.2735637901019647,145,145,45.51724137931034,0.6088560885608856,1.7816869643662607,10840,4434
GNB1,56,85,56,85,0.048190257971718,0.0082730093071355,0.2321147309956064,0.3523170024040454,141,141,60.283687943262414,0.7841328413284133,1.2629679747406406,10840,4434
GNAS,37,98,37,98,0.0435643564356436,0.007782218992248,0.1533615186935256,0.4062007792423112,135,135,72.5925925925926,0.9040590405904059,0.8344609833107803,10840,4434
SRSF2,54,44,54,44,0.0955696339715066,0.0076818476364297,0.2238249191743347,0.1823758600679764,98,98,44.89795918367347,0.4059040590405904,1.2178619756427604,10840,4434
BRCC3,30,60,29,60,0.043693410124005,0.0092824496147929,0.120202271408439,0.2486943546381497,90,89,66.66666666666667,0.5535055350553506,0.6765899864682002,10840,4434
KRAS,12,51,12,51,0.0262928064122312,0.0082135523613963,0.0497388709276299,0.2113902014424272,63,63,80.95238095238095,0.470479704797048,0.2706359945872801,10840,4434
IDH2,19,41,19,41,0.137111517367459,0.0063191153238547,0.0787532123020807,0.1699411423360689,60,60,68.33333333333333,0.37822878228782286,0.42850699142986015,10840,4434
