gene,vaf_interval_percent,variant_n,gene_total_variant_n,within_gene_percent
DNMT3A,0.3–<0.5,943,6575,14.342205323193916
DNMT3A,0.5–<1,2104,6575,32.0
DNMT3A,1–<2,1581,6575,24.045627376425855
DNMT3A,2–<5,1142,6575,17.368821292775667
DNMT3A,5–<10,417,6575,6.342205323193917
DNMT3A,≥10,388,6575,5.901140684410646
TET2,0.3–<0.5,525,3302,15.899454875832827
TET2,0.5–<1,1022,3302,30.950938824954573
TET2,1–<2,786,3302,23.80375529981829
TET2,2–<5,526,3302,15.929739551786795
TET2,5–<10,207,3302,6.268927922471229
TET2,≥10,236,3302,7.147183525136282
PPM1D,0.3–<0.5,273,1756,15.546697038724375
PPM1D,0.5–<1,557,1756,31.71981776765376
PPM1D,1–<2,462,1756,26.30979498861048
PPM1D,2–<5,270,1756,15.375854214123008
PPM1D,5–<10,99,1756,5.637813211845103
PPM1D,≥10,95,1756,5.41002277904328
CHEK2,0.3–<0.5,156,863,18.076477404403242
CHEK2,0.5–<1,288,863,33.371958285052145
CHEK2,1–<2,243,863,28.157589803012744
CHEK2,2–<5,110,863,12.746234067207416
CHEK2,5–<10,41,863,4.750869061413673
CHEK2,≥10,25,863,2.8968713789107765
TP53,0.3–<0.5,157,809,19.406674907292953
TP53,0.5–<1,288,809,35.59950556242274
TP53,1–<2,175,809,21.631644004944377
TP53,2–<5,112,809,13.8442521631644
TP53,5–<10,33,809,4.07911001236094
TP53,≥10,44,809,5.438813349814586
ASXL1,0.3–<0.5,106,747,14.190093708165996
ASXL1,0.5–<1,228,747,30.522088353413658
ASXL1,1–<2,161,747,21.5528781793842
ASXL1,2–<5,126,747,16.867469879518072
ASXL1,5–<10,51,747,6.827309236947792
ASXL1,≥10,75,747,10.040160642570282
CBL,0.3–<0.5,28,211,13.270142180094787
CBL,0.5–<1,84,211,39.81042654028436
CBL,1–<2,66,211,31.27962085308057
CBL,2–<5,20,211,9.47867298578199
CBL,5–<10,8,211,3.7914691943127963
CBL,≥10,5,211,2.3696682464454977
SF3B1,0.3–<0.5,18,199,9.045226130653267
SF3B1,0.5–<1,42,199,21.105527638190953
SF3B1,1–<2,42,199,21.105527638190953
SF3B1,2–<5,49,199,24.623115577889447
SF3B1,5–<10,23,199,11.557788944723619
SF3B1,≥10,25,199,12.562814070351758
JAK2,0.3–<0.5,8,145,5.517241379310345
JAK2,0.5–<1,30,145,20.689655172413794
JAK2,1–<2,28,145,19.310344827586206
JAK2,2–<5,30,145,20.689655172413794
JAK2,5–<10,18,145,12.413793103448276
JAK2,≥10,31,145,21.379310344827587
GNB1,0.3–<0.5,13,141,9.219858156028367
GNB1,0.5–<1,43,141,30.49645390070922
GNB1,1–<2,29,141,20.56737588652482
GNB1,2–<5,29,141,20.56737588652482
GNB1,5–<10,9,141,6.382978723404255
GNB1,≥10,18,141,12.76595744680851
GNAS,0.3–<0.5,11,135,8.148148148148149
GNAS,0.5–<1,53,135,39.25925925925926
GNAS,1–<2,34,135,25.185185185185183
GNAS,2–<5,19,135,14.074074074074074
GNAS,5–<10,11,135,8.148148148148149
GNAS,≥10,7,135,5.185185185185185
SRSF2,0.3–<0.5,4,98,4.081632653061225
SRSF2,0.5–<1,26,98,26.53061224489796
SRSF2,1–<2,14,98,14.285714285714285
SRSF2,2–<5,18,98,18.367346938775512
SRSF2,5–<10,10,98,10.204081632653061
SRSF2,≥10,26,98,26.53061224489796
BRCC3,0.3–<0.5,4,90,4.444444444444445
BRCC3,0.5–<1,28,90,31.11111111111111
BRCC3,1–<2,28,90,31.11111111111111
BRCC3,2–<5,17,90,18.88888888888889
BRCC3,5–<10,8,90,8.88888888888889
BRCC3,≥10,5,90,5.555555555555555
KRAS,0.3–<0.5,9,63,14.285714285714285
KRAS,0.5–<1,20,63,31.746031746031743
KRAS,1–<2,22,63,34.92063492063492
KRAS,2–<5,9,63,14.285714285714285
KRAS,5–<10,1,63,1.5873015873015872
KRAS,≥10,2,63,3.1746031746031744
IDH2,0.3–<0.5,12,60,20.0
IDH2,0.5–<1,21,60,35.0
IDH2,1–<2,8,60,13.333333333333334
IDH2,2–<5,6,60,10.0
IDH2,5–<10,1,60,1.6666666666666667
IDH2,≥10,12,60,20.0
