panel,vaf_class,rank,gene,retained_variant_n
a,VAF <2%,1,DNMT3A,4628
a,VAF <2%,2,TET2,2333
a,VAF <2%,3,PPM1D,1292
a,VAF <2%,4,CHEK2,687
a,VAF <2%,5,TP53,620
a,VAF <2%,6,ASXL1,495
a,VAF <2%,7,CBL,178
a,VAF <2%,8,SF3B1,102
a,VAF <2%,9,GNAS,98
a,VAF <2%,10,GNB1,85
a,VAF <2%,11,JAK2,66
a,VAF <2%,12,BRCC3,60
a,VAF <2%,13,KRAS,51
a,VAF <2%,14,SRSF2,44
a,VAF <2%,15,IDH2,41
a,VAF <2%,16,NRAS,25
a,VAF <2%,17,IDH1,18
a,VAF <2%,18,ASXL2,8
a,VAF <2%,19,MPL,7
a,VAF <2%,20,KIT,1
a,VAF <2%,21,SETBP1,1
b,VAF ≥2%,1,DNMT3A,1947
b,VAF ≥2%,2,TET2,969
b,VAF ≥2%,3,PPM1D,464
b,VAF ≥2%,4,ASXL1,252
b,VAF ≥2%,5,TP53,189
b,VAF ≥2%,6,CHEK2,176
b,VAF ≥2%,7,SF3B1,97
b,VAF ≥2%,8,JAK2,79
b,VAF ≥2%,9,GNB1,56
b,VAF ≥2%,10,SRSF2,54
b,VAF ≥2%,11,GNAS,37
b,VAF ≥2%,12,CBL,33
b,VAF ≥2%,13,BRCC3,30
b,VAF ≥2%,14,IDH2,19
b,VAF ≥2%,15,KRAS,12
b,VAF ≥2%,16,SETBP1,6
b,VAF ≥2%,17,IDH1,5
b,VAF ≥2%,18,ASXL2,4
b,VAF ≥2%,19,NRAS,3
b,VAF ≥2%,20,MPL,2
