panel,vaf_class,bin_left_vaf_percent,bin_right_vaf_percent,variant_n,metric,whislo,q1,med,q3,whishi,fliers
a,Low-VAF CH,0.3,0.345584958049037,308,,,,,,,
a,Low-VAF CH,0.345584958049037,0.39809654409918244,617,,,,,,,
a,Low-VAF CH,0.39809654409918244,0.4585872583066083,779,,,,,,,
a,Low-VAF CH,0.4585872583066083,0.5282695280790402,917,,,,,,,
a,Low-VAF CH,0.5282695280790402,0.6085400089992653,1048,,,,,,,
a,Low-VAF CH,0.6085400089992653,0.7010075782705728,1026,,,,,,,
a,Low-VAF CH,0.7010075782705728,0.8075255817623093,999,,,,,,,
a,Low-VAF CH,0.8075255817623093,0.9302289809895057,969,,,,,,,
a,Low-VAF CH,0.9302289809895057,1.0715771445708564,927,,,,,,,
a,Low-VAF CH,1.0715771445708564,1.2344031418427537,850,,,,,,,
a,Low-VAF CH,1.2344031418427537,1.4219705266310918,771,,,,,,,
a,Low-VAF CH,1.4219705266310918,1.6380387493092432,728,,,,,,,
a,Low-VAF CH,1.6380387493092432,1.8869385082091052,646,,,,,,,
a,Low-VAF CH,1.8869385082091052,2.17365855066852,255,,,,,,,
a,Low-VAF CH,2.17365855066852,2.503945663485704,0,,,,,,,
a,Low-VAF CH,2.503945663485704,2.884419856909249,0,,,,,,,
a,Low-VAF CH,2.884419856909249,3.3227070508193077,0,,,,,,,
a,Low-VAF CH,3.3227070508193077,3.827591922555431,0,,,,,,,
a,Low-VAF CH,3.827591922555431,4.409193979950506,0,,,,,,,
a,Low-VAF CH,4.409193979950506,5.079170388637537,0,,,,,,,
a,Low-VAF CH,5.079170388637537,5.850949618937381,0,,,,,,,
a,Low-VAF CH,5.850949618937381,6.740000595358346,0,,,,,,,
a,Low-VAF CH,6.740000595358346,7.764142743324659,0,,,,,,,
a,Low-VAF CH,7.764142743324659,8.943903147461958,0,,,,,,,
a,Low-VAF CH,8.943903147461958,10.302927980034303,0,,,,,,,
a,Low-VAF CH,10.302927980034303,11.868456445874674,0,,,,,,,
a,Low-VAF CH,11.868456445874674,13.671866743181408,0,,,,,,,
a,Low-VAF CH,13.671866743181408,15.749304982981238,0,,,,,,,
a,Low-VAF CH,15.749304982981238,18.142409672816857,0,,,,,,,
a,Low-VAF CH,18.142409672816857,20.899146285629524,0,,,,,,,
a,Low-VAF CH,20.899146285629524,24.074768641266544,0,,,,,,,
a,Low-VAF CH,24.074768641266544,27.732926369774567,0,,,,,,,
a,Low-VAF CH,27.732926369774567,31.946940653585244,0,,,,,,,
a,Low-VAF CH,31.946940653585244,36.801273818547784,0,,,,,,,
a,Low-VAF CH,36.801273818547784,42.393222229113185,0,,,,,,,
a,Low-VAF CH,42.393222229113185,48.83486641870525,0,,,,,,,
a,Low-VAF CH,48.83486641870525,56.25531754212864,0,,,,,,,
a,Low-VAF CH,56.25531754212864,64.8033051761059,0,,,,,,,
a,Low-VAF CH,64.8033051761059,74.65015833574496,0,,,,,,,
a,Low-VAF CH,74.65015833574496,85.99323945604127,0,,,,,,,
a,Low-VAF CH,85.99323945604127,99.0599001663894,0,,,,,,,
a,Conventional CHIP,0.3,0.345584958049037,0,,,,,,,
a,Conventional CHIP,0.345584958049037,0.39809654409918244,0,,,,,,,
a,Conventional CHIP,0.39809654409918244,0.4585872583066083,0,,,,,,,
a,Conventional CHIP,0.4585872583066083,0.5282695280790402,0,,,,,,,
a,Conventional CHIP,0.5282695280790402,0.6085400089992653,0,,,,,,,
a,Conventional CHIP,0.6085400089992653,0.7010075782705728,0,,,,,,,
a,Conventional CHIP,0.7010075782705728,0.8075255817623093,0,,,,,,,
a,Conventional CHIP,0.8075255817623093,0.9302289809895057,0,,,,,,,
a,Conventional CHIP,0.9302289809895057,1.0715771445708564,0,,,,,,,
a,Conventional CHIP,1.0715771445708564,1.2344031418427537,0,,,,,,,
a,Conventional CHIP,1.2344031418427537,1.4219705266310918,0,,,,,,,
a,Conventional CHIP,1.4219705266310918,1.6380387493092432,0,,,,,,,
a,Conventional CHIP,1.6380387493092432,1.8869385082091052,0,,,,,,,
a,Conventional CHIP,1.8869385082091052,2.17365855066852,272,,,,,,,
a,Conventional CHIP,2.17365855066852,2.503945663485704,479,,,,,,,
a,Conventional CHIP,2.503945663485704,2.884419856909249,433,,,,,,,
a,Conventional CHIP,2.884419856909249,3.3227070508193077,390,,,,,,,
a,Conventional CHIP,3.3227070508193077,3.827591922555431,339,,,,,,,
a,Conventional CHIP,3.827591922555431,4.409193979950506,322,,,,,,,
a,Conventional CHIP,4.409193979950506,5.079170388637537,290,,,,,,,
a,Conventional CHIP,5.079170388637537,5.850949618937381,223,,,,,,,
a,Conventional CHIP,5.850949618937381,6.740000595358346,226,,,,,,,
a,Conventional CHIP,6.740000595358346,7.764142743324659,202,,,,,,,
a,Conventional CHIP,7.764142743324659,8.943903147461958,151,,,,,,,
a,Conventional CHIP,8.943903147461958,10.302927980034303,135,,,,,,,
a,Conventional CHIP,10.302927980034303,11.868456445874674,132,,,,,,,
a,Conventional CHIP,11.868456445874674,13.671866743181408,117,,,,,,,
a,Conventional CHIP,13.671866743181408,15.749304982981238,113,,,,,,,
a,Conventional CHIP,15.749304982981238,18.142409672816857,101,,,,,,,
a,Conventional CHIP,18.142409672816857,20.899146285629524,93,,,,,,,
a,Conventional CHIP,20.899146285629524,24.074768641266544,90,,,,,,,
a,Conventional CHIP,24.074768641266544,27.732926369774567,76,,,,,,,
a,Conventional CHIP,27.732926369774567,31.946940653585244,75,,,,,,,
a,Conventional CHIP,31.946940653585244,36.801273818547784,63,,,,,,,
a,Conventional CHIP,36.801273818547784,42.393222229113185,80,,,,,,,
a,Conventional CHIP,42.393222229113185,48.83486641870525,26,,,,,,,
a,Conventional CHIP,48.83486641870525,56.25531754212864,3,,,,,,,
a,Conventional CHIP,56.25531754212864,64.8033051761059,1,,,,,,,
a,Conventional CHIP,64.8033051761059,74.65015833574496,0,,,,,,,
a,Conventional CHIP,74.65015833574496,85.99323945604127,0,,,,,,,
a,Conventional CHIP,85.99323945604127,99.0599001663894,2,,,,,,,
b,Low-VAF CH,,,10840,depth,1663.9,2467.0,2972.5,3516.0,4282.0,[]
c,Low-VAF CH,,,10840,alt,12.0,16.0,21.0,31.0,52.0,[]
b,Conventional CHIP,,,4434,depth,1242.65,2083.25,2664.5,3201.75,3983.699999999999,[]
c,Conventional CHIP,,,4434,alt,41.0,73.0,115.5,235.0,773.3499999999995,[]
