vaf_class,gene,variant_n,carrier_n,median_vaf,carrier_percent_of_analytic_cohort
CHIP VAF >=2%,DNMT3A,1947,1831,0.0414560161779575,7.589322722374202
CHIP VAF >=2%,TET2,969,873,0.0463896732553449,3.618502859985078
CHIP VAF >=2%,PPM1D,464,438,0.041772705175986954,1.8154687888584928
CHIP VAF >=2%,ASXL1,252,249,0.05022853680208755,1.0320815717483214
CHIP VAF >=2%,TP53,189,184,0.0373961218836565,0.7626626875569924
CHIP VAF >=2%,CHEK2,176,173,0.03855086151339155,0.7170687225399983
CHIP VAF >=2%,SF3B1,97,96,0.0494743351886209,0.39791096742103954
CHIP VAF >=2%,JAK2,79,79,0.0705619412515964,0.3274475669402305
CHIP VAF >=2%,GNB1,56,56,0.048190257971718,0.2321147309956064
CHIP VAF >=2%,SRSF2,54,54,0.09556963397150664,0.22382491917433475
CHIP VAF >=2%,GNAS,37,37,0.0435643564356436,0.15336151869352566
CHIP VAF >=2%,CBL,33,33,0.0383993532740501,0.13678189505098234
CHIP VAF >=2%,BRCC3,30,29,0.043693410124005,0.12020227140843903
CHIP VAF >=2%,IDH2,19,19,0.137111517367459,0.07875321230208074
CHIP VAF >=2%,KRAS,12,12,0.026292806412231202,0.04973887092762994
CHIP VAF >=2%,SETBP1,6,6,0.29427424146135295,0.02486943546381497
CHIP VAF >=2%,IDH1,5,5,0.0296010296010296,0.020724529553179143
CHIP VAF >=2%,ASXL2,4,4,0.0341574986251562,0.016579623642543315
CHIP VAF >=2%,NRAS,3,3,0.0371428571428571,0.012434717731907486
CHIP VAF >=2%,MPL,2,2,0.04182864867453265,0.008289811821271658
Low VAF <2%,DNMT3A,4628,3904,0.0077836680333220505,16.181712675122274
Low VAF <2%,TET2,2333,2065,0.0075609756097561,8.559230705462985
Low VAF <2%,PPM1D,1292,1163,0.00807058187860595,4.820525574069468
Low VAF <2%,CHEK2,687,650,0.0078165711307973,2.6941888419132884
Low VAF <2%,TP53,620,590,0.0073553581878778,2.445494487275139
Low VAF <2%,ASXL1,495,479,0.0076617480136209,1.9854099311945619
Low VAF <2%,CBL,178,176,0.008042394605787501,0.7295034402719058
Low VAF <2%,SF3B1,102,100,0.00819631751642845,0.4144905910635829
Low VAF <2%,GNAS,98,98,0.00778221899224805,0.4062007792423112
Low VAF <2%,GNB1,85,85,0.0082730093071355,0.35231700240404545
Low VAF <2%,JAK2,66,66,0.00836282108700535,0.2735637901019647
Low VAF <2%,BRCC3,60,60,0.00928244961479295,0.2486943546381497
Low VAF <2%,KRAS,51,51,0.0082135523613963,0.21139020144242726
Low VAF <2%,SRSF2,44,44,0.0076818476364297495,0.18237586006797646
Low VAF <2%,IDH2,41,41,0.0063191153238547,0.16994114233606897
Low VAF <2%,NRAS,25,25,0.0067034700315457,0.10362264776589572
Low VAF <2%,IDH1,18,18,0.0081222312347913,0.07460830639144492
Low VAF <2%,ASXL2,8,8,0.0066780736993502995,0.03315924728508663
Low VAF <2%,MPL,7,7,0.0063852429939695,0.0290143413744508
Low VAF <2%,KIT,1,1,0.0138162808065721,0.004144905910635829
Low VAF <2%,SETBP1,1,1,0.0069348127600555,0.004144905910635829
