age_lower_inclusive,age_upper_exclusive,participants,percent
18.0,23.0,54,0.22382491917433472
23.0,28.0,82,0.33988228467213794
28.0,33.0,123,0.5098234270082069
33.0,38.0,202,0.8372709939484373
38.0,43.0,323,1.3388046091353725
43.0,48.0,407,1.6869767056287823
48.0,53.0,2019,8.368565033573738
53.0,58.0,3610,14.96311033739534
58.0,63.0,4309,17.860399568929786
63.0,68.0,4709,19.518361933184117
68.0,73.0,3879,16.078090027356378
73.0,78.0,2599,10.772610461742518
78.0,83.0,1212,5.023625963690624
83.0,88.0,482,1.9978446489264696
88.0,93.0,103,0.42692530879549034
93.0,98.0,12,0.04973887092762994
98.0,103.0,1,0.004144905910635829
