characteristic,No detected CH,Low-VAF CH only,CHIP >=2%,Overall
"Age, years, mean (SD)",61.2 (10.5),66.2 (9.1),68.8 (9.0),63.7 (10.4)
"Age, years, median [IQR]","61.4 [55.0, 68.1]","66.4 [59.8, 72.4]","68.9 [62.7, 75.1]","64.1 [57.0, 70.6]"
Male sex,7085 (49.8%),3155 (50.9%),1910 (51.6%),12150 (50.4%)
Race: White,11249 (79.1%),5043 (81.3%),3094 (83.6%),19386 (80.4%)
Race: Black,1171 (8.2%),503 (8.1%),268 (7.2%),1942 (8.0%)
Race: Asian,465 (3.3%),190 (3.1%),92 (2.5%),747 (3.1%)
Race: Other,983 (6.9%),336 (5.4%),184 (5.0%),1503 (6.2%)
Race: Unknown,354 (2.5%),131 (2.1%),63 (1.7%),548 (2.3%)
Smoking: Never,6126 (43.1%),2345 (37.8%),1259 (34.0%),9730 (40.3%)
Smoking: Ever,4551 (32.0%),2164 (34.9%),1409 (38.1%),8124 (33.7%)
Smoking: Unknown,3545 (24.9%),1694 (27.3%),1033 (27.9%),6272 (26.0%)
